{"graph": {"_type": "graph-file", "path": "media/graph/graph_summary_6e22a84d.graph.json", "sha256": "6e22a84dd9a48132a573776a51c57af0a9aab65baecd9d8cc5862a20c501d6b7", "size": 742}, "_step": 49, "epoch": 49, "loss": 3.0048580169677734, "_timestamp": 1591897571.8494768, "val_mae": 2.4250600337982178, "val_mse": 13.191900253295898, "_runtime": 6.764101505279541, "val_loss": 13.191900253295898, "mse": 3.0048580169677734, "mae": 1.2628495693206787, "best_val_loss": 13.191900253295898, "best_epoch": 49}
