{"graph": {"_type": "graph-file", "path": "media/graph/graph_summary_18de34e7.graph.json", "sha256": "18de34e7612bc00e021f3ef1a97187205bcf23d952de1eaa6ea575d643460c14", "size": 723}, "_step": 49, "epoch": 49, "loss": 3.666720390319824, "_timestamp": 1591897450.8786533, "val_mae": 2.5103657245635986, "val_mse": 14.44148063659668, "_runtime": 6.867835521697998, "val_loss": 14.44148063659668, "mse": 3.666720390319824, "mae": 1.4533038139343262, "best_val_loss": 14.137213706970215, "best_epoch": 43}
