{"graph": {"_type": "graph-file", "path": "media/graph/graph_summary_485b6120.graph.json", "sha256": "485b61201116bb8d1f88b7233a701f10575d36e883707d82acad1ca07aa3b127", "size": 720}, "_step": 49, "epoch": 49, "loss": 4.001198768615723, "_timestamp": 1591896992.442212, "val_mae": 2.4138712882995605, "val_mse": 14.180272102355957, "_runtime": 6.9480555057525635, "val_loss": 14.180272102355957, "mse": 4.001198768615723, "mae": 1.4598602056503296, "best_val_loss": 13.841707229614258, "best_epoch": 48}
