{"graph": {"_type": "graph-file", "path": "media/graph/graph_summary_1fc1d5d9.graph.json", "sha256": "1fc1d5d997cab34437db65fbc5eff4bf5a0968780178399a18631674ae60b850", "size": 739}, "_step": 49, "epoch": 49, "loss": 3.5794637203216553, "_timestamp": 1591897548.6365058, "val_mae": 2.662230968475342, "val_mse": 15.474387168884277, "_runtime": 6.7935826778411865, "val_loss": 15.474387168884277, "mse": 3.5794637203216553, "mae": 1.3932982683181763, "best_val_loss": 14.68837833404541, "best_epoch": 46}
